id,title,slug,created_at,status
105,Choosing the Right Inventory Rental Software,choosing-the-right-inventory-rental-software,2026-02-03,published
104,CloudRent Launches AI-infused inventory rental software at HIRE23,cloudrent-launches-at-hire23,2026-02-03,published
103,CloudRent Rental Technology Innovation,cloudrent-rental-technology-innovation,2026-02-03,published
102,Stand-downs Construction Equipment,construction-equipment-hire,2026-02-03,published
101,Every Rental Business With A Website Needs technology!,every-rental-business-with-a-website-needs-technology,2026-02-03,published
100,Executive Interview with CloudRent CEO Ron Neville,executive-interview-with-cloudrent-ceo-ron-neville,2026-02-03,published
99,GoodFirms Endorses CloudRent SaaS as the Best Equipment Rental Software,goodfirms-endorses-cloudrent-saas-as-the-best-equipment-rental-software,2026-02-03,published
98,Great Delivery Tips for Inventory rental companies,great-delivery-tips,2026-02-03,published
97,Stop Inventory Theft with Photo & Signature Capture through CloudRent Software,hire-rental-inventory-theft,2026-02-03,published
96,Discover Hidden Treasures: Home Items You Didn't Know You Can Rent,home-items-you-didnt-know-you-can-rent,2026-02-03,published
95,Rental Inventory Management Software Can Transform Your Business,how-plant-rental-software-inventory-management-systems-can-transform-your-business,2026-02-03,published
94,Garth Kerr CloudRents new Chief Operating Officer!,introducing-garth-kerr-cloudrents-new-chief-operating-officer,2026-02-03,published
93,Logistics Management using Google Maps,logistics-management-using-google-maps,2026-02-03,published
92,Manage Your Rental Business on the Go with CloudRents Mobile App,manage-your-rental-business-on-the-go-with-cloudrents-mobile-app,2026-02-03,published
91,Maximising Efficiency with CloudRent's AI-Infused Rental Software,maximising-efficiency-with-ai-infused-rental-software-a-game-changer-for-inventory-rental-businesses-and-cloudrents-innovative-approach,2026-02-03,published
90,Higher Return on Ad Spend with CloudRent Rental Inventory Software,optimizating-your-advertising-campaigns-for-higher-roas,2026-02-03,published
89,Quick tips for Rental Companies,quick-tips-for-rental-companies,2026-02-03,published
88,Dominate The Rental Market With CloudRent: Your Powerful Cloud Solution.,revolutionise-your-rental-business-with-cloudrent-the-ultimate-cloud-based-rental-management-solution,2026-02-03,published
87,Revolutionizing Rental Business Marketing with ChatGPT Integration,revolutionizing-rental-business-marketing-with-chatgpt-integration,2026-02-03,published
86,Temporary Fence Panels – Are You Getting What You Paid For?,tempfencepanels,2026-02-03,published
85,Manage Testing & Tagging for Inventory Compliance with CloudRent,testtag,2026-02-03,published
83,Unleash the Power of Cloud-Based Inventory Rental Software,unleash-the-power-of-cloud-based-inventory-rental-software,2026-02-03,published
82,Why Film Crews are using CloudRent Rental Software,why-film-crews-are-using-cloudrent-rental-software,2026-02-03,published
81,Why More People Are Turning To Renting Items Instead Of Buying,why-more-people-are-turning-to-renting-items-instead-of-buying,2026-02-03,published
80,CloudRent is going to HIRE24,cloudrent-is-going-to-hire24,2026-02-03,published
79,Soaring Above Clunky Costly Inventory Rental Tech!,cloudrent-magic-soaring-above-clunky-costly-tech,2026-02-03,published
78,Factors To Consider While Choosing Rental Management Software,factors-to-consider-while-choosing-online-equipment-rental-software,2026-02-03,published
77,Revolutionizing Inventory Rental with Artificial Intelligence,artificial-intelligence-transforming-inventory-rental,2026-02-03,published
76,Insights from Event Planners for Audio Visual Rentals,what-event-planners-wish-audio-visual-rental-companies-knew,2026-02-03,published
75,The Ultimate Guide to SEO for Inventory Rental Companies,the-ultimate-guide-to-seo-for-inventory-rental-companies,2026-02-03,published
74,Revolutionizing Rental Efficiency: Unlock the Power of QR Codes,revolutionizing-rental-efficiency-unlock-the-power-of-qr-codes,2026-02-03,published
73,Optimise Your Sub-Rental Management with CloudRent Rental Software,the-ultimate-software-for-sub-rental-or-cross-hire,2026-02-03,published
72,CloudRent Docket Book – Easy Pre & Post Rental Forms,cloudrent-docket-book-rental-forms,2026-02-03,published
71,Top 7 Benefits of Inventory Rental Scheduling Software,top-benefits-inventory-rental-scheduling-software,2026-02-03,published
70,AlertVisionAI – Rugged Dual-HD Connected Camera System,driveguard360-rugged-duale28091hd-connected-camera-system,2026-02-03,published
69,Harnessing Your Smartphone for Efficient Rental Asset Tracking,harnessing-your-smartphone-for-efficient-rental-asset-tracking,2026-02-03,published
68,Safety First: How AI Dashcams Are Revolutionizing On-the-Job Safety,safety-first-how-ai-dashcams-are-revolutionizing-on-the-job-safety,2026-02-03,published
67,Boost Your Rental Efficiency with Mobile Management: The CloudRent Advantage,boost-your-rental-efficiency-with-mobile-management-the-cloudrent-advantage,2026-02-03,published
66,Maximize Your Rental Business Growth Without Adding Extra Staff: Here's How,maximize-your-rental-business-growth-without-adding-extra-staff-here-s-how,2026-02-03,published
65,Behind the Scenes: Smart Scheduling Hacks for Rental Teams,behind-the-scenes-smart-scheduling-hacks-for-rental-teams,2026-02-03,published
